Criterion,Llama3 8B AWQ,Identical,OMG,Winner
Rationality,0.46,0.2,0.34,AMG
Expressiveness,0.41414141414141414,0.26262626262626265,0.32323232323232326,AMG
Conciseness,0.38383838383838387,0.09090909090909091,0.5252525252525253,OMG
Comprehensiveness,0.504950495049505,0.18811881188118812,0.3069306930693069,AMG
Overall Preference,0.52,0.04,0.44,AMG
