metric,kappa,spearman,p-value
Rationality,0.29498566828267103,0.4031336098116015,2.3254804583023453e-10
Comprehensiveness,0.25753387256407634,0.47717121973938603,2.0080015958268076e-14
Conciseness,0.025691376206840144,0.08091267297243986,0.22256671210100057
Expressiveness,0.1883030571555162,0.3471317770427988,6.931176058649827e-08
